state,year,visitors_thousand,population_thousand,occupancy_pct,intensity,growth_vs_2019
Johor,2018,13487.2379119749,3749.4,58.7,3.5972,0.9449
Johor,2019,14274.0,3761.2,57.3,3.7951,1.0
Johor,2020,7243.0,4009.7,32.0,1.8064,0.5074
Johor,2021,3657.55,4020.0,24.9,0.9098,0.2562
Johor,2022,12376.202,4028.3,48.3,3.0723,0.867
Johor,2023,15804.89,4107.2,50.7,3.8481,1.1073
Johor,2024,17138.338,4184.4,52.3,4.0958,1.2007
Johor,2025,18196.973,4204.1,54.2,4.3284,1.2748
Kedah,2018,14480.018395565,2163.0,56.1,6.6944,0.9763
Kedah,2019,14831.0,2173.7,55.7,6.8229,1.0
Kedah,2020,10108.0,2131.4,26.1,4.7424,0.6815
Kedah,2021,4023.002,2151.7,23.2,1.8697,0.2713
Kedah,2022,11186.197,2163.1,32.5,5.1714,0.7542
Kedah,2023,13444.055,2189.3,43.4,6.1408,0.9065
Kedah,2024,14651.4879543306,2217.1,46.6,6.6084,0.9879
Kedah,2025,15607.884,2227.1,50.9,7.0082,1.0524
Kelantan,2018,9846.1234357734,1860.5,44.1,5.2922,0.8962
Kelantan,2019,10986.0,1883.8,43.4,5.8318,1.0
Kelantan,2020,6058.0,1792.5,34.6,3.3796,0.5514
Kelantan,2021,1920.93,1812.3,34.3,1.0599,0.1749
Kelantan,2022,6627.155,1830.6,46.4,3.6202,0.6032
Kelantan,2023,7549.37,1859.8,41.2,4.0592,0.6872
Kelantan,2024,10514.411,1887.9,43.2,5.5694,0.9571
Kelantan,2025,12062.016,1906.9,43.5,6.3255,1.0979
Melaka,2018,13122.6041634891,922.4,57.3,14.2266,0.9387
Melaka,2019,13979.0,928.4,51.7,15.0571,1.0
Melaka,2020,7275.0,998.4,20.0,7.2867,0.5204
Melaka,2021,3878.14,1004.5,25.8,3.8608,0.2774
Melaka,2022,11757.166,1008.6,40.1,11.6569,0.8411
Melaka,2023,15558.661,1028.3,44.7,15.1305,1.113
Melaka,2024,19128.405,1046.7,45.4,18.275,1.3684
Melaka,2025,20832.201530282,1052.0,46.1,19.8025,1.4902
Negeri Sembilan,2018,12802.1189060886,1122.9,54.2,11.4009,0.9623
Negeri Sembilan,2019,13303.0,1126.2,51.9,11.8123,1.0
Negeri Sembilan,2020,7918.0,1200.0,25.5,6.5983,0.5952
Negeri Sembilan,2021,5485.17,1204.2,22.7,4.555,0.4123
Negeri Sembilan,2022,11490.144,1207.9,38.7,9.5125,0.8637
Negeri Sembilan,2023,14959.47,1224.9,41.0,12.2128,1.1245
Negeri Sembilan,2024,17784.532,1239.5,42.2,14.3482,1.3369
Negeri Sembilan,2025,19356.545,1243.9,44.2,15.5612,1.4551
Pahang,2018,18111.3565763172,1664.7,78.8,10.8797,0.9791
Pahang,2019,18498.0,1671.4,79.4,11.0674,1.0
Pahang,2020,9905.0,1591.3,40.7,6.2245,0.5355
Pahang,2021,3404.772,1601.5,19.6,2.126,0.1841
Pahang,2022,13188.959,1614.3,46.1,8.1701,0.713
Pahang,2023,16455.567,1643.2,74.1,10.0143,0.8896
Pahang,2024,20173.876,1667.7,75.6,12.0968,1.0906
Pahang,2025,23161.166,1676.8,76.3,13.8127,1.2521
Perak,2018,17553.1612058818,2503.5,44.1,7.0114,0.8331
Perak,2019,21070.0,2508.8,43.9,8.3984,1.0
Perak,2020,13173.0,2496.0,25.8,5.2776,0.6252
Perak,2021,4489.273,2515.8,27.6,1.7844,0.2131
Perak,2022,14566.727,2514.4,54.8,5.7933,0.6913
Perak,2023,17107.518,2541.2,47.3,6.7321,0.8119
Perak,2024,21776.217,2569.4,46.9,8.4752,1.0335
Perak,2025,23642.055,2573.8,46.4,9.1857,1.1221
Perlis,2018,2155.5079034032,253.5,31.0,8.503,1.0323
Perlis,2019,2088.0,254.0,36.0,8.2205,1.0
Perlis,2020,1193.0,284.9,22.5,4.1874,0.5714
Perlis,2021,406.796,287.6,22.3,1.4145,0.1948
Perlis,2022,1669.175,289.8,42.0,5.7597,0.7994
Perlis,2023,1950.771,293.1,42.2,6.6556,0.9343
Perlis,2024,3225.428,296.8,41.0,10.8673,1.5447
Perlis,2025,3755.682,297.0,41.7,12.6454,1.7987
Pulau Pinang,2018,14450.4911905341,1762.8,62.2,8.1975,0.9377
Pulau Pinang,2019,15411.0,1768.8,56.5,8.7127,1.0
Pulau Pinang,2020,8929.0,1740.4,23.7,5.1304,0.5794
Pulau Pinang,2021,5060.864,1740.0,22.5,2.9085,0.3284
Pulau Pinang,2022,10002.735,1740.9,44.1,5.7457,0.6491
Pulau Pinang,2023,13127.587,1772.6,52.9,7.4058,0.8518
Pulau Pinang,2024,16604.803,1800.5,56.8,9.2223,1.0775
Pulau Pinang,2025,17717.979,1804.3,58.6,9.8199,1.1497
Sabah,2018,20359.8810907898,3898.4,67.2,5.2226,0.924
Sabah,2019,22035.0,3904.4,65.8,5.6436,1.0
Sabah,2020,10337.0,3418.8,24.3,3.0236,0.4691
Sabah,2021,3815.016,3412.6,21.8,1.1179,0.1731
Sabah,2022,12589.005,3414.9,45.2,3.6865,0.5713
Sabah,2023,16080.074,3596.7,49.0,4.4708,0.7298
Sabah,2024,20591.813,3742.0,51.6,5.5029,0.9345
Sabah,2025,22361.168,3754.5,54.1,5.9558,1.0148
Sarawak,2018,19380.2301990599,2791.7,48.9,6.9421,0.9791
Sarawak,2019,19793.0,2806.0,46.1,7.0538,1.0
Sarawak,2020,9393.0,2453.7,30.3,3.8281,0.4746
Sarawak,2021,6510.9,2465.6,49.6,2.6407,0.3289
Sarawak,2022,15464.621,2473.5,57.4,6.2521,0.7813
Sarawak,2023,17901.19,2502.3,46.0,7.1539,0.9044
Sarawak,2024,19625.552,2517.5,47.7,7.7957,0.9915
Sarawak,2025,22721.527,2528.9,47.3,8.9847,1.148
Selangor,2018,30179.0472040831,6475.0,57.2,4.6609,0.8985
Selangor,2019,33589.0,6506.1,56.4,5.1627,1.0
Selangor,2020,19715.0,6994.4,30.2,2.8187,0.5869
Selangor,2021,10211.58,7014.7,30.9,1.4557,0.304
Selangor,2022,21989.558,7050.3,53.7,3.119,0.6547
Selangor,2023,27579.478,7209.7,49.9,3.8253,0.8211
Selangor,2024,34460.8280456694,7362.7,51.6,4.6805,1.026
Selangor,2025,36376.442,7408.7,54.8,4.91,1.083
Terengganu,2018,13742.3663642652,1228.3,39.9,11.1881,0.9706
Terengganu,2019,14158.0,1244.5,41.3,11.3765,1.0
Terengganu,2020,7420.0,1149.4,32.4,6.4555,0.5241
Terengganu,2021,3719.052,1170.7,44.3,3.1768,0.2627
Terengganu,2022,10233.282,1186.6,55.3,8.624,0.7228
Terengganu,2023,11760.516,1210.0,44.8,9.7194,0.8307
Terengganu,2024,14460.728,1231.5,46.3,11.7424,1.0214
Terengganu,2025,15462.278,1245.8,45.6,12.4115,1.0921
W.P. Kuala Lumpur,2018,19165.4971713709,1790.0,63.3,10.707,0.8468
W.P. Kuala Lumpur,2019,22633.0,1782.5,59.9,12.6973,1.0
W.P. Kuala Lumpur,2020,12435.0,1982.1,25.1,6.2736,0.5494
W.P. Kuala Lumpur,2021,9116.005,1964.0,23.6,4.6416,0.4028
W.P. Kuala Lumpur,2022,16912.534,1961.2,49.0,8.6236,0.7473
W.P. Kuala Lumpur,2023,22232.643,2005.7,59.1,11.0847,0.9823
W.P. Kuala Lumpur,2024,26982.957,2067.5,62.6,13.051,1.1922
W.P. Kuala Lumpur,2025,35059.9331815272,2075.2,66.9,16.8947,1.5491
W.P. Labuan,2018,544.932022066991,99.0,46.2,5.5044,1.0399
W.P. Labuan,2019,524.0,99.3,42.2,5.2769,1.0
W.P. Labuan,2020,107.0,95.1,43.0,1.1251,0.2042
W.P. Labuan,2021,53.899,96.0,27.7,0.5614,0.1029
W.P. Labuan,2022,243.695,96.9,35.3,2.5149,0.4651
W.P. Labuan,2023,331.36,99.0,33.3,3.3471,0.6324
W.P. Labuan,2024,449.63,100.8,37.0,4.4606,0.8581
W.P. Labuan,2025,604.37,100.9,39.4,5.9898,1.1534
W.P. Putrajaya,2018,1891.90699333668,97.2,72.1,19.4641,0.9707
W.P. Putrajaya,2019,1949.0,103.7,64.2,18.7946,1.0
W.P. Putrajaya,2020,451.0,109.2,40.6,4.13,0.2314
W.P. Putrajaya,2021,223.006,115.2,28.1,1.9358,0.1144
W.P. Putrajaya,2022,1305.808,117.0,51.2,11.1608,0.67
W.P. Putrajaya,2023,1900.379,118.8,55.0,15.9965,0.9751
W.P. Putrajaya,2024,2556.836,120.3,56.5,21.2538,1.3119
W.P. Putrajaya,2025,3146.484,120.7,56.0,26.0686,1.6144
